name,type,route,why
Independent Insurance Agents of Wisconsin (IIAW),provider,"(608) 256-4429 / iiaw.com prelicensing page","Madison classroom pre-licensing course; 20,000+ students since 1993; also reaches independent agencies"
Kaplan Financial Education,provider,kaplanfinancial.com partnerships,"Largest online WI pre-licensing provider; no retake-only package"
WebCE,provider,webce.com contact,"Approved WI pre-licensing provider"
gBETA (gener8tor),accelerator,gener8tor.com/gbeta application,"Free 7-week accelerator, no equity; Milwaukee, Madison, Green Bay cohorts"
Northwestern Mutual Accelerator (gener8tor),investor,gener8tor office hours,"$100K insurtech accelerator in Milwaukee; applications currently closed"
Golden Angels Investors,investor,goldenangelsinvestors.com Entrepreneurs page,"Brookfield angel group; invests in edtech across the Midwest"
American Family Ventures,investor,amfamventures.com/contact,"Insurance-focused VC in Madison; later stage"
Amber Grant (WomensNet),grant,ambergrantsforwomen.com,"$10K monthly grant for woman-owned businesses; next deadline Sept 30 2026"
UWM Small Business Development Center,support,sbdc@uwm.edu / 414-227-3240,"Free consulting; serves Washington County"
WWBIC,support,wwbic.com,"Women's business training, loans, periodic equity injections"
